hotel_name,hotel_url,hotel_price,hotel_rating,hotel_review,LAT,LNG,z_hotel_review,rec_hotels
Volcano Village Lodge,https://www.tripadvisor.com/Hotel_Review-g60607-d611299-Reviews-Volcano_Village_Lodge-Volcano_Island_of_Hawaii_Hawaii.html,380,5.0,754,19.445906100000002,-155.23140149999998,-0.5920091765838366,-2.9600458829191827
Kona Seaside Hotel,https://www.tripadvisor.com/Hotel_Review-g60872-d111594-Reviews-Kona_Seaside_Hotel-Kailua_Kona_Island_of_Hawaii_Hawaii.html,205,4.0,1487,19.6411089,-155.99627949999999,-0.24796263849120792,-0.9918505539648317
Hilo Seaside Hotel,https://www.tripadvisor.com/Hotel_Review-g60583-d113098-Reviews-Hilo_Seaside_Hotel-Hilo_Island_of_Hawaii_Hawaii.html,151,4.0,1280,19.723507,-155.062949,-0.3451217563427415,-1.380487025370966
Kings' Land by Hilton Grand Vacations,https://www.tripadvisor.com/Hotel_Review-g60608-d1404166-Reviews-Kings_Land_by_Hilton_Grand_Vacations-Waikoloa_Kohala_Coast_Island_of_Hawaii_Hawaii.html,219,4.5,2814,19.9257289,-155.8660939,0.3748883247406041,1.6869974613327183
Volcano House,https://www.tripadvisor.com/Hotel_Review-g143034-d282791-Reviews-Volcano_House-Hawaii_Volcanoes_National_Park_Island_of_Hawaii_Hawaii.html,285,4.0,1231,19.428741600000002,-155.25836,-0.3681207745781287,-1.4724830983125148
Holiday Inn Express Hotel & Suites Kailua-Kona,https://www.tripadvisor.com/Hotel_Review-g60872-d6419881-Reviews-Holiday_Inn_Express_Hotel_Suites_Kailua_Kona-Kailua_Kona_Island_of_Hawaii_Hawaii.html,239,4.5,631,19.6388187,-155.9916719,-0.6497414060318493,-2.923836327143322
Dolphin Bay,https://www.tripadvisor.com/Hotel_Review-g60583-d86944-Reviews-Dolphin_Bay-Hilo_Island_of_Hawaii_Hawaii.html,139,4.5,732,35.16442260000001,-120.6897295,-0.6023352664038063,-2.7105086988171285
Waikoloa Beach Marriott Resort & Spa,https://www.tripadvisor.com/Hotel_Review-g60608-d209314-Reviews-Waikoloa_Beach_Marriott_Resort_Spa-Waikoloa_Kohala_Coast_Island_of_Hawaii_Hawaii.html,399,4.0,3358,19.916263,-155.88468600000002,0.6302243639253108,2.520897455701243
Kilauea Hospitality Group,https://www.tripadvisor.com/Hotel_Review-g60607-d87390-Reviews-Kilauea_Hospitality_Group-Volcano_Island_of_Hawaii_Hawaii.html,173,4.0,487,19.4418557,-155.2349914,-0.7173303575807423,-2.869321430322969
Arnott's Lodge,https://www.tripadvisor.com/Hotel_Review-g60583-d113099-Reviews-Arnott_s_Lodge-Hilo_Island_of_Hawaii_Hawaii.html,120,4.0,688,19.734458,-155.04130800000001,-0.6229874460437458,-2.491949784174983
The Inn at Kulaniapia Falls,https://www.tripadvisor.com/Hotel_Review-g60583-d146823-Reviews-The_Inn_at_Kulaniapia_Falls-Hilo_Island_of_Hawaii_Hawaii.html,199,4.5,952,19.723564,-155.134924,-0.4990743682041088,-2.2458346569184897
The Old Hawaiian B&B,https://www.tripadvisor.com/Hotel_Review-g60583-d292200-Reviews-The_Old_Hawaiian_B_B-Hilo_Island_of_Hawaii_Hawaii.html,130,4.5,173,19.716838,-155.123277,-0.864711821374856,-3.891203196186852
Hilo Bay Hale Bed & Breakfast,https://www.tripadvisor.com/Hotel_Review-g60583-d1166483-Reviews-Hilo_Bay_Hale_Bed_Breakfast-Hilo_Island_of_Hawaii_Hawaii.html,159,5.0,209,19.719542399999998,-155.0873389,-0.8478145834876327,-4.239072917438164
The Palms Cliff House Inn,https://www.tripadvisor.com/Hotel_Review-g60586-d254753-Reviews-The_Palms_Cliff_House_Inn-Honomu_Island_of_Hawaii_Hawaii.html,274,4.5,272,19.872756,-155.1074721,-0.8182444171849921,-3.6820998773324645
Hale Kai Hawaii Bed & Breakfast,https://www.tripadvisor.com/Hotel_Review-g60583-d248226-Reviews-Hale_Kai_Hawaii_Bed_Breakfast-Hilo_Island_of_Hawaii_Hawaii.html,175,4.5,325,19.7576381,-155.0906965,-0.7933679280732467,-3.5701556763296103
Lotus Garden Cottages,https://www.tripadvisor.com/Hotel_Review-g60607-d567478-Reviews-Lotus_Garden_Cottages-Volcano_Island_of_Hawaii_Hawaii.html,305,5.0,586,19.4465076,-155.2372381,-0.6708629533908783,-3.3543147669543916
Mauna Lani Point,https://www.tripadvisor.com/Hotel_Review-g2312116-d242432-Reviews-Mauna_Lani_Point-Puako_Kohala_Coast_Island_of_Hawaii_Hawaii.html,392,4.5,247,19.936218,-155.8746905,-0.8299786101622305,-3.7349037457300374
Country Goose Bed & Breakfast,https://www.tripadvisor.com/Hotel_Review-g60607-d248316-Reviews-Country_Goose_Bed_Breakfast-Volcano_Island_of_Hawaii_Hawaii.html,115,4.5,202,19.427606,-155.2185416,-0.8511001575212594,-3.8299507088456677
Ka'awa Loa Plantation,https://www.tripadvisor.com/Hotel_Review-g60580-d644908-Reviews-Ka_awa_Loa_Plantation-Captain_Cook_Island_of_Hawaii_Hawaii.html,149,5.0,464,19.481627,-155.90728000000001,-0.7281258151198016,-3.6406290755990076
Royal Kona Resort,https://www.tripadvisor.com/Hotel_Review-g60872-d111604-Reviews-Royal_Kona_Resort-Kailua_Kona_Island_of_Hawaii_Hawaii.html,285,3.5,3720,19.632105300000003,-155.9903179,0.8001354782357222,2.8004741738250276
Courtyard by Marriott King Kamehameha's Kona Beach Hotel,https://www.tripadvisor.com/Hotel_Review-g60872-d87181-Reviews-Courtyard_by_Marriott_King_Kamehameha_s_Kona_Beach_Hotel-Kailua_Kona_Island_of_Hawaii_Haw.html,359,4.0,3583,19.6409558,-155.99751609999998,0.735832100720456,2.943328402881824
Castle Hilo Hawaiian Hotel,https://www.tripadvisor.com/Hotel_Review-g60583-d209311-Reviews-Castle_Hilo_Hawaiian_Hotel-Hilo_Island_of_Hawaii_Hawaii.html,172,3.5,2228,19.7284039,-155.066467,0.099838841354137,0.3494359447394795
"Fairmont Orchid, Hawaii",https://www.tripadvisor.com/Hotel_Review-g2312116-d113123-Reviews-Fairmont_Orchid_Hawaii-Puako_Kohala_Coast_Island_of_Hawaii_Hawaii.html,899,4.5,5119,19.950885,-155.859754,1.4567809172419806,6.555514127588912
The Westin Hapuna Beach Resort,https://www.tripadvisor.com/Hotel_Review-g2312116-d169643-Reviews-The_Westin_Hapuna_Beach_Resort-Puako_Kohala_Coast_Island_of_Hawaii_Hawaii.html,729,4.5,4194,19.995001600000002,-155.8239569,1.0226157770841613,4.6017709968787255
Kohala Suites by Hilton Grand Vacations,https://www.tripadvisor.com/Hotel_Review-g60608-d967966-Reviews-Kohala_Suites_by_Hilton_Grand_Vacations-Waikoloa_Kohala_Coast_Island_of_Hawaii_Hawaii.html,509,4.5,1463,19.9223533,-155.87778930000002,-0.25922746374935673,-1.1665235868721053
Marriott’s Waikoloa Ocean Club,https://www.tripadvisor.com/Hotel_Review-g60608-d12646099-Reviews-Marriott_s_Waikoloa_Ocean_Club-Waikoloa_Kohala_Coast_Island_of_Hawaii_Hawaii.html,638,4.5,111,19.916405800000003,-155.88450519999998,-0.8938126199584071,-4.022156789812832
Aston Kaanapali Shores,https://www.tripadvisor.com/Hotel_Review-g60634-d87290-Reviews-Aston_Kaanapali_Shores-Lahaina_Maui_Hawaii.html,257,4.0,2932,20.949283800000003,-156.68919499999998,0.4302737155931691,1.7210948623726765
Grand Wailea,https://www.tripadvisor.com/Hotel_Review-g609129-d111788-Reviews-Grand_Wailea-Wailea_Maui_Hawaii.html,764,4.0,8012,20.684082999999998,-156.440916,2.8146617285680033,11.258646914272013
Napili Sunset Beachfront Resort,https://www.tripadvisor.com/Hotel_Review-g60634-d111830-Reviews-Napili_Sunset_Beachfront_Resort-Lahaina_Maui_Hawaii.html,249,4.5,195,20.994909200000002,-156.666382,-0.8543857315548863,-3.8447357919969884
Hyatt Regency Maui Resort and Spa,https://www.tripadvisor.com/Hotel_Review-g60634-d101352-Reviews-Hyatt_Regency_Maui_Resort_and_Spa-Lahaina_Maui_Hawaii.html,579,4.0,8364,20.912971,-156.6921667,2.979879165687519,11.919516662750077
Aston Maui Kaanapali Villas,https://www.tripadvisor.com/Hotel_Review-g60634-d87292-Reviews-Aston_Maui_Kaanapali_Villas-Lahaina_Maui_Hawaii.html,359,4.0,1394,20.9340345,-156.6913483,-0.2916138363665346,-1.1664553454661384
Royal Lahaina Resort,https://www.tripadvisor.com/Hotel_Review-g60634-d90119-Reviews-Royal_Lahaina_Resort-Lahaina_Maui_Hawaii.html,365,4.0,5276,20.931824399999996,-156.69226650000002,1.5304716491390373,6.121886596556149
"Fairmont Kea Lani, Maui",https://www.tripadvisor.com/Hotel_Review-g609129-d87399-Reviews-Fairmont_Kea_Lani_Maui-Wailea_Maui_Hawaii.html,819,4.5,5637,20.6755814,-156.4414243,1.6999133957303594,7.649610280786617
Residence Inn by Marriott Maui Wailea,https://www.tripadvisor.com/Hotel_Review-g609129-d8776921-Reviews-Residence_Inn_by_Marriott_Maui_Wailea-Wailea_Maui_Hawaii.html,399,4.5,462,20.6877312,-156.43429369999998,-0.7290645505579806,-3.2807904775109127
Four Seasons Resort Maui at Wailea,https://www.tripadvisor.com/Hotel_Review-g609129-d87397-Reviews-Four_Seasons_Resort_Maui_at_Wailea-Wailea_Maui_Hawaii.html,1500,4.5,6364,20.680231600000003,-156.4421574,2.0411437275084507,9.185146773788029
The Mauian Hotel on Napili Beach,https://www.tripadvisor.com/Hotel_Review-g60634-d111826-Reviews-The_Mauian_Hotel_on_Napili_Beach-Lahaina_Maui_Hawaii.html,309,4.5,418,20.995457000000002,-156.66520480000003,-0.7497167301979201,-3.3737252858906404
Mana Kai Maui,https://www.tripadvisor.com/Hotel_Review-g60632-d111817-Reviews-Mana_Kai_Maui-Kihei_Maui_Hawaii.html,811,4.5,693,20.704921300000002,-156.44663390000002,-0.6206406074482982,-2.7928827335173416
Napili Kai Beach Resort,https://www.tripadvisor.com/Hotel_Review-g60634-d111829-Reviews-Napili_Kai_Beach_Resort-Lahaina_Maui_Hawaii.html,555,4.5,1009,20.997173699999998,-156.6655587,-0.4723204082160053,-2.1254418369720236
Paia Inn,https://www.tripadvisor.com/Hotel_Review-g60636-d1102016-Reviews-Paia_Inn-Paia_Maui_Hawaii.html,499,5.0,839,20.915909,-156.382039,-0.5521129204612262,-2.7605646023061308
Maui Coast Hotel,https://www.tripadvisor.com/Hotel_Review-g60632-d111818-Reviews-Maui_Coast_Hotel-Kihei_Maui_Hawaii.html,520,4.5,2305,20.723741699999998,-156.4465865,0.13598015572403113,0.6119107007581401
Kohea Kai Maui,https://www.tripadvisor.com/Hotel_Review-g60632-d10815570-Reviews-Kohea_Kai_Maui-Kihei_Maui_Hawaii.html,275,4.5,149,20.7692554,-156.4582097,-0.8759766466330048,-3.9418949098485214
"The Westin Nanea Ocean Villas, Ka'anapali",https://www.tripadvisor.com/Hotel_Review-g60634-d12344180-Reviews-The_Westin_Nanea_Ocean_Villas_Ka_anapali-Lahaina_Maui_Hawaii.html,439,4.5,1611,20.942172199999998,-156.6905147,-0.18976104132410568,-0.8539246859584756
Honua Kai Resort & Spa,https://www.tripadvisor.com/Hotel_Review-g60634-d1372538-Reviews-Honua_Kai_Resort_Spa-Lahaina_Maui_Hawaii.html,648,4.5,3692,20.9442201,-156.690276,0.7869931821012152,3.541469319455468
Best Western Pioneer Inn,https://www.tripadvisor.com/Hotel_Review-g60634-d111783-Reviews-Best_Western_Pioneer_Inn-Lahaina_Maui_Hawaii.html,207,4.5,1108,20.8723603,-156.6778851,-0.4258530040261414,-1.9163385181176362
The Ritz-Carlton,https://www.tripadvisor.com/Hotel_Review-g209273-d111843-Reviews-The_Ritz_Carlton-Kapalua_Maui_Hawaii.html,1443,4.5,4121,34.0452632,-118.2666205,0.9883519335906253,4.447583701157814
"Wailea Beach Resort - Marriott, Maui",https://www.tripadvisor.com/Hotel_Review-g609129-d89973-Reviews-Wailea_Beach_Resort_Marriott_Maui-Wailea_Maui_Hawaii.html,749,4.5,1308,20.687887399999997,-156.4428011,-0.33197946020823454,-1.4939075709370555
Hotel Wailea,https://www.tripadvisor.com/Hotel_Review-g609129-d247776-Reviews-Hotel_Wailea-Wailea_Maui_Hawaii.html,799,4.5,1550,20.6775933,-156.4319242,-0.21839247218856728,-0.9827661248485527
The Westin Ka'anapali Ocean Resort Villas,https://www.tripadvisor.com/Hotel_Review-g60634-d278711-Reviews-The_Westin_Ka_anapali_Ocean_Resort_Villas-Lahaina_Maui_Hawaii.html,539,4.5,5618,20.9378809,-156.6910649,1.6909954090676582,7.609479340804462
Lumeria Maui,https://www.tripadvisor.com/Hotel_Review-g60635-d2431959-Reviews-Lumeria_Maui-Makawao_Maui_Hawaii.html,419,4.5,737,20.886786899999997,-156.3453385,-0.5999884278083587,-2.6999479251376144
"Marriott's Maui Ocean Club - Molokai, Maui & Lanai Towers",https://www.tripadvisor.com/Hotel_Review-g60634-d87309-Reviews-Marriott_s_Maui_Ocean_Club_Molokai_Maui_Lanai_Towers-Lahaina_Maui_Hawaii.html,671,4.5,2221,20.915844,-156.695292,0.09655326732051026,0.43448970294229616
Napili Shores Maui by Outrigger,https://www.tripadvisor.com/Hotel_Review-g60634-d87315-Reviews-Napili_Shores_Maui_by_Outrigger-Lahaina_Maui_Hawaii.html,259,4.0,781,20.992481100000003,-156.66709269999998,-0.5793362481684191,-2.3173449926736764
Kaleialoha Condominiums,https://www.tripadvisor.com/Hotel_Review-g60634-d101359-Reviews-Kaleialoha_Condominiums-Lahaina_Maui_Hawaii.html,235,4.5,213,20.9579983,-156.6850018,-0.8459371126112746,-3.8067170067507354
Courtyard by Marriott Maui Kahului Airport,https://www.tripadvisor.com/Hotel_Review-g60631-d2651389-Reviews-Courtyard_by_Marriott_Maui_Kahului_Airport-Kahului_Maui_Hawaii.html,299,4.5,657,20.8883819,-156.4496137,-0.6375378453355214,-2.8689203040098463
Kahana Beach Resort,https://www.tripadvisor.com/Hotel_Review-g60634-d208983-Reviews-Kahana_Beach_Resort-Lahaina_Maui_Hawaii.html,199,4.0,436,20.9692582,-156.6801284,-0.7412681112543085,-2.965072445017234
White Sands Hotel,https://www.tripadvisor.com/Hotel_Review-g60982-d2202220-Reviews-White_Sands_Hotel-Honolulu_Oahu_Hawaii.html,109,4.0,775,21.2800763,-157.8254355,-0.5821524544829564,-2.3286098179318255
Hotel LaCroix,https://www.tripadvisor.com/Hotel_Review-g60982-d87119-Reviews-Hotel_LaCroix-Honolulu_Oahu_Hawaii.html,139,4.5,772,21.2834044,-157.8311565,-0.583560557640225,-2.6260225093810123
Turtle Bay Resort,https://www.tripadvisor.com/Hotel_Review-g60651-d87158-Reviews-Turtle_Bay_Resort-Kahuku_Oahu_Hawaii.html,237,4.5,5926,21.7048116,-157.9983792,1.8355606665472348,8.260022999462556
Prince Waikiki,https://www.tripadvisor.com/Hotel_Review-g60982-d87011-Reviews-Prince_Waikiki-Honolulu_Oahu_Hawaii.html,354,5.0,1628,21.286509,-157.840199,-0.1817817900995836,-0.908908950497918
Outrigger Waikiki Beach Resort,https://www.tripadvisor.com/Hotel_Review-g60982-d120684-Reviews-Outrigger_Waikiki_Beach_Resort-Honolulu_Oahu_Hawaii.html,379,4.5,6038,21.2771844,-157.8275909,1.8881298510852627,8.496584329883682
Queen Kapiolani Hotel,https://www.tripadvisor.com/Hotel_Review-g60982-d87095-Reviews-Queen_Kapiolani_Hotel-Honolulu_Oahu_Hawaii.html,220,4.5,696,21.2721098,-157.8209904,-0.6192325042910296,-2.7865462693096332
The Modern Honolulu,https://www.tripadvisor.com/Hotel_Review-g60982-d1818106-Reviews-The_Modern_Honolulu-Honolulu_Oahu_Hawaii.html,279,4.5,4743,21.284976999999998,-157.839152,1.2802986548643156,5.76134394688942
Outrigger Reef Waikiki Beach Resort,https://www.tripadvisor.com/Hotel_Review-g60982-d87052-Reviews-Outrigger_Reef_Waikiki_Beach_Resort-Honolulu_Oahu_Hawaii.html,329,4.5,6885,21.278507,-157.8327139,2.285684309154098,10.285579391193442
"Aulani, A Disney Resort & Spa",https://www.tripadvisor.com/Hotel_Review-g60654-d2140201-Reviews-Aulani_A_Disney_Resort_Spa-Kapolei_Oahu_Hawaii.html,836,4.5,6513,21.339320899999997,-158.1230185,2.1110795176527914,9.49985782943756
Aston Waikiki Circle Hotel,https://www.tripadvisor.com/Hotel_Review-g60982-d86984-Reviews-Aston_Waikiki_Circle_Hotel-Honolulu_Oahu_Hawaii.html,203,4.0,1276,21.2749118,-157.8241351,-0.34699922721909965,-1.3879969088763986
Hilton Waikiki Beach,https://www.tripadvisor.com/Hotel_Review-g60982-d209422-Reviews-Hilton_Waikiki_Beach-Honolulu_Oahu_Hawaii.html,309,4.0,5417,21.275395800000002,-157.8219214,1.5966524975306617,6.386609990122647
Shoreline Hotel Waikiki,https://www.tripadvisor.com/Hotel_Review-g60982-d2555768-Reviews-Shoreline_Hotel_Waikiki-Honolulu_Oahu_Hawaii.html,127,4.5,2357,21.2798634,-157.82782859999998,0.1603872771166869,0.7217427470250911
Hyatt Place Waikiki Beach,https://www.tripadvisor.com/Hotel_Review-g60982-d87040-Reviews-Hyatt_Place_Waikiki_Beach-Honolulu_Oahu_Hawaii.html,279,4.5,4412,21.2734487,-157.82142,1.1249379398456798,5.062220729305559
Vive Hotel Waikiki,https://www.tripadvisor.com/Hotel_Review-g60982-d4020497-Reviews-Vive_Hotel_Waikiki-Honolulu_Oahu_Hawaii.html,189,4.5,3749,21.2767953,-157.8233295,0.8137471420893186,3.6618621394019337
Ilikai Hotel & Luxury Suites,https://www.tripadvisor.com/Hotel_Review-g60982-d209424-Reviews-Ilikai_Hotel_Luxury_Suites-Honolulu_Oahu_Hawaii.html,233,4.5,2496,21.284269899999998,-157.8385483,0.2256293900701322,1.0153322553155948
The New Otani Kaimana Beach Hotel,https://www.tripadvisor.com/Hotel_Review-g60982-d86951-Reviews-The_New_Otani_Kaimana_Beach_Hotel-Honolulu_Oahu_Hawaii.html,199,4.0,1118,21.2633647,-157.82117549999998,-0.4211593268352461,-1.6846373073409844
Coconut Waikiki Hotel,https://www.tripadvisor.com/Hotel_Review-g60982-d86966-Reviews-Coconut_Waikiki_Hotel-Honolulu_Oahu_Hawaii.html,241,4.5,1260,21.282671899999997,-157.8276142,-0.35450911072453223,-1.595290998260395
‘Alohilani Resort Waikiki Beach,https://www.tripadvisor.com/Hotel_Review-g60982-d87111-Reviews-Alohilani_Resort_Waikiki_Beach-Honolulu_Oahu_Hawaii.html,309,4.0,1301,21.2742487,-157.823953,-0.3352650342418613,-1.3410601369674453
Four Seasons Resort Oahu at Ko Olina,https://www.tripadvisor.com/Hotel_Review-g60654-d8684459-Reviews-Four_Seasons_Resort_Oahu_at_Ko_Olina-Kapolei_Oahu_Hawaii.html,1050,4.5,1738,21.339355100000002,-158.125548,-0.13015134099973483,-0.5856810344988067
Marriott Ko Olina Beach Club,https://www.tripadvisor.com/Hotel_Review-g60654-d275980-Reviews-Marriott_Ko_Olina_Beach_Club-Kapolei_Oahu_Hawaii.html,639,4.5,3714,21.3330447,-158.1202393,0.797319271921185,3.5879367236453326
Paradise Bay Resort Hawaii,https://www.tripadvisor.com/Hotel_Review-g60653-d87212-Reviews-Paradise_Bay_Resort_Hawaii-Kaneohe_Oahu_Hawaii.html,198,4.0,910,21.4603949,-157.83336369999998,-0.5187878124058692,-2.075151249623477
Embassy Suites By Hilton - Waikiki Beach Walk,https://www.tripadvisor.com/Hotel_Review-g60982-d615153-Reviews-Embassy_Suites_By_Hilton_Waikiki_Beach_Walk-Honolulu_Oahu_Hawaii.html,404,4.5,4396,21.279135600000004,-157.83156830000001,1.1174280563402472,5.028426253531112
"Moana Surfrider, A Westin Resort & Spa, Waikiki Beach",https://www.tripadvisor.com/Hotel_Review-g60982-d87102-Reviews-Moana_Surfrider_A_Westin_Resort_Spa_Waikiki_Beach-Honolulu_Oahu_Hawaii.html,436,4.0,6243,21.2765105,-157.826538,1.9843502334986172,7.937400933994469
Hilton Garden Inn Waikiki Beach,https://www.tripadvisor.com/Hotel_Review-g60982-d87090-Reviews-Hilton_Garden_Inn_Waikiki_Beach-Honolulu_Oahu_Hawaii.html,172,4.0,1534,21.2790107,-157.8249069,-0.2259023556939998,-0.9036094227759992
Waikiki Beachcomber by Outrigger,https://www.tripadvisor.com/Hotel_Review-g60982-d114031-Reviews-Waikiki_Beachcomber_by_Outrigger-Honolulu_Oahu_Hawaii.html,281,4.5,168,21.278375,-157.827396,-0.8670586599703036,-3.901763969866366
Waikiki Resort Hotel,https://www.tripadvisor.com/Hotel_Review-g60982-d534764-Reviews-Waikiki_Resort_Hotel-Honolulu_Oahu_Hawaii.html,186,4.0,2149,21.275482699999998,-157.82378640000002,0.06275879154606379,0.25103516618425514
Hampton Inn & Suites Oahu/Kapolei,https://www.tripadvisor.com/Hotel_Review-g60654-d10584606-Reviews-Hampton_Inn_Suites_Oahu_Kapolei-Kapolei_Oahu_Hawaii.html,176,4.5,641,21.3310775,-158.0530753,-0.645047728840954,-2.9027147797842927
Courtyard by Marriott Oahu North Shore,https://www.tripadvisor.com/Hotel_Review-g60656-d7389226-Reviews-Courtyard_by_Marriott_Oahu_North_Shore-Laie_Oahu_Hawaii.html,309,4.0,456,21.641088800000002,-157.9198715,-0.7318807568725177,-2.927523027490071
Embassy Suites by Hilton Oahu Kapolei,https://www.tripadvisor.com/Hotel_Review-g60654-d12438215-Reviews-Embassy_Suites_by_Hilton_Oahu_Kapolei-Kapolei_Oahu_Hawaii.html,504,4.5,273,21.3293557,-158.07504790000002,-0.8177750494659025,-3.6799877225965614
Lotus Honolulu at Diamond Head,https://www.tripadvisor.com/Hotel_Review-g60982-d90108-Reviews-Lotus_Honolulu_at_Diamond_Head-Honolulu_Oahu_Hawaii.html,329,4.5,1252,21.2628591,-157.82062290000002,-0.35826405247724846,-1.612188236147618
Hyatt Regency Waikiki Beach Resort & Spa,https://www.tripadvisor.com/Hotel_Review-g60982-d242435-Reviews-Hyatt_Regency_Waikiki_Beach_Resort_Spa-Honolulu_Oahu_Hawaii.html,249,4.0,6810,21.276083399999997,-157.8253554,2.250481730222383,9.001926920889533
Royal Grove Waikiki,https://www.tripadvisor.com/Hotel_Review-g60982-d87097-Reviews-Royal_Grove_Waikiki-Honolulu_Oahu_Hawaii.html,119,4.0,459,21.2762288,-157.8237124,-0.7304726537152492,-2.9218906148609967
Halekulani Hotel,https://www.tripadvisor.com/Hotel_Review-g60982-d90015-Reviews-Halekulani_Hotel-Honolulu_Oahu_Hawaii.html,620,4.5,2962,21.2780192,-157.8318163,0.44435474716585516,1.9995963622463482
Aqua Oasis,https://www.tripadvisor.com/Hotel_Review-g60982-d86988-Reviews-Aqua_Oasis-Honolulu_Oahu_Hawaii.html,135,4.0,870,41.6604694,-93.6985056,-0.5375625211694506,-2.1502500846778023
The Surfjack Hotel & Swim Club,https://www.tripadvisor.com/Hotel_Review-g60982-d227765-Reviews-The_Surfjack_Hotel_Swim_Club-Honolulu_Oahu_Hawaii.html,240,4.5,1099,21.2819139,-157.8282312,-0.43007731349794726,-1.9353479107407627
Park Shore Waikiki,https://www.tripadvisor.com/Hotel_Review-g60982-d214680-Reviews-Park_Shore_Waikiki-Honolulu_Oahu_Hawaii.html,189,4.0,2248,21.2717852,-157.822299,0.10922619573592768,0.4369047829437107
"The Royal Hawaiian, a Luxury Collection Resort, Waikiki",https://www.tripadvisor.com/Hotel_Review-g60982-d114024-Reviews-The_Royal_Hawaiian_a_Luxury_Collection_Resort_Waikiki-Honolulu_Oahu_Hawaii.html,745,4.0,4678,21.2773889,-157.8290749,1.2497897531234958,4.999159012493983
Hilton Grand Vacations at Hilton Hawaiian Village,https://www.tripadvisor.com/Hotel_Review-g60982-d224616-Reviews-Hilton_Grand_Vacations_at_Hilton_Hawaiian_Village-Honolulu_Oahu_Hawaii.html,499,4.0,1828,21.283889399999996,-157.8368046,-0.08790824628167673,-0.35163298512670693
The Beach Waikiki Boutique Hostel,https://www.tripadvisor.com/Hotel_Review-g60982-d3686316-Reviews-The_Beach_Waikiki_Boutique_Hostel-Honolulu_Oahu_Hawaii.html,85,4.5,454,21.2723794,-157.8211977,-0.7328194923106969,-3.297687715398136
Hokulani Waikiki by Hilton Grand Vacations,https://www.tripadvisor.com/Hotel_Review-g60982-d4604031-Reviews-Hokulani_Waikiki_by_Hilton_Grand_Vacations-Honolulu_Oahu_Hawaii.html,329,4.5,1109,21.2799843,-157.8303167,-0.4253836363070519,-1.9142263633817336
Waimea Plantation Cottages,https://www.tripadvisor.com/Hotel_Review-g60627-d111678-Reviews-Waimea_Plantation_Cottages-Waimea_Kauai_Hawaii.html,569,4.5,1124,21.958688000000002,-159.675709,-0.4183431205207089,-1.88254404234319
Kauai Shores Hotel,https://www.tripadvisor.com/Hotel_Review-g60616-d101363-Reviews-Kauai_Shores_Hotel-Kapaa_Kauai_Hawaii.html,144,4.5,914,22.052395899999997,-159.3294165,-0.5169103415295111,-2.3260965368828
Grand Hyatt Kauai Resort & Spa,https://www.tripadvisor.com/Hotel_Review-g60625-d87364-Reviews-Grand_Hyatt_Kauai_Resort_Spa-Poipu_Kauai_Hawaii.html,439,4.5,8263,21.8756296,-159.4394567,2.9324730260594762,13.196128617267643
"Koloa Landing Resort at Poipu, Autograph Collection",https://www.tripadvisor.com/Hotel_Review-g60625-d1863434-Reviews-Koloa_Landing_Resort_at_Poipu_Autograph_Collection-Poipu_Kauai_Hawaii.html,849,4.5,2554,21.8802823,-159.4658688,0.25285271777732515,1.137837229997963
Ko'a Kea Hotel & Resort,https://www.tripadvisor.com/Hotel_Review-g60625-d1027174-Reviews-Ko_a_Kea_Hotel_Resort-Poipu_Kauai_Hawaii.html,742,4.5,2630,21.875235999999997,-159.4572584,0.2885246644281298,1.298360989926584
Aston Islander on the Beach,https://www.tripadvisor.com/Hotel_Review-g60616-d87217-Reviews-Aston_Islander_on_the_Beach-Kapaa_Kauai_Hawaii.html,322,4.0,1950,22.0530717,-159.32832150000002,-0.030645384552753546,-0.12258153821101418
Garden Island Inn Hotel,https://www.tripadvisor.com/Hotel_Review-g60623-d101326-Reviews-Garden_Island_Inn_Hotel-Lihue_Kauai_Hawaii.html,195,4.5,1258,21.959014899999996,-159.3540118,-0.3554478461627113,-1.5995153077322009
The Kauai Inn,https://www.tripadvisor.com/Hotel_Review-g60623-d87340-Reviews-The_Kauai_Inn-Lihue_Kauai_Hawaii.html,202,4.0,436,21.9510267,-159.3632579,-0.7412681112543085,-2.965072445017234
Kaua'i Marriott Resort,https://www.tripadvisor.com/Hotel_Review-g60623-d114035-Reviews-Kaua_i_Marriott_Resort-Lihue_Kauai_Hawaii.html,488,4.0,3235,21.962709,-159.35019780000002,0.5724921344772981,2.2899685379091923
Hotel Coral Reef Resort,https://www.tripadvisor.com/Hotel_Review-g60616-d87214-Reviews-Hotel_Coral_Reef_Resort-Kapaa_Kauai_Hawaii.html,169,4.5,469,22.0786305,-159.31479319999997,-0.7257789765243539,-3.2660053943595924
Marriott's Kaua'i Beach Club,https://www.tripadvisor.com/Hotel_Review-g60623-d1835074-Reviews-Marriott_s_Kaua_i_Beach_Club-Lihue_Kauai_Hawaii.html,399,4.0,930,21.962130399999996,-159.3500361,-0.5094004580240785,-2.037601832096314
Marriott's Waiohai Beach Club,https://www.tripadvisor.com/Hotel_Review-g60625-d268659-Reviews-Marriott_s_Waiohai_Beach_Club-Poipu_Kauai_Hawaii.html,799,4.5,1202,21.8751917,-159.45600149999999,-0.3817324384317252,-1.7177959729427634
Banyan Harbor Resort,https://www.tripadvisor.com/Hotel_Review-g60623-d226075-Reviews-Banyan_Harbor_Resort-Lihue_Kauai_Hawaii.html,164,4.0,421,21.9585514,-159.3550714,-0.7483086270406515,-2.993234508162606
Kauai Beach Villas,https://www.tripadvisor.com/Hotel_Review-g60623-d87334-Reviews-Kauai_Beach_Villas-Lihue_Kauai_Hawaii.html,327,4.0,683,22.010638800000002,-159.3406231,-0.6253342846391935,-2.501337138556774
Marriott's Kauai Lagoons - Kalanipu'u,https://www.tripadvisor.com/Hotel_Review-g60623-d1867453-Reviews-Marriott_s_Kauai_Lagoons_Kalanipu_u-Lihue_Kauai_Hawaii.html,689,4.5,483,21.961354500000002,-159.34081719999998,-0.7192078284571004,-3.2364352280569517
Marjorie's Kauai Inn,https://www.tripadvisor.com/Hotel_Review-g60622-d87382-Reviews-Marjorie_s_Kauai_Inn-Lawai_Kauai_Hawaii.html,225,5.0,477,21.9137105,-159.5025866,-0.7220240347716376,-3.6101201738581876
Kauai Beach Resort,https://www.tripadvisor.com/Hotel_Review-g60623-d209325-Reviews-Kauai_Beach_Resort-Lihue_Kauai_Hawaii.html,282,4.0,2793,22.010189,-159.33875669999998,0.3650316026397239,1.4601264105588956
Princeville Resort,https://www.tripadvisor.com/Hotel_Review-g60626-d111672-Reviews-Princeville_Resort-Princeville_Kauai_Hawaii.html,1215,4.5,3404,22.2210015,-159.4970711,0.6518152790034293,2.9331687555154318
Hilton Garden Inn Kauai Wailua Bay,https://www.tripadvisor.com/Hotel_Review-g60616-d90147-Reviews-Hilton_Garden_Inn_Kauai_Wailua_Bay-Kapaa_Kauai_Hawaii.html,296,4.0,1379,22.0422873,-159.3370131,-0.2986543521528776,-1.1946174086115104
Sheraton Kauai Coconut Beach Resort,https://www.tripadvisor.com/Hotel_Review-g60616-d90144-Reviews-Sheraton_Kauai_Coconut_Beach_Resort-Kapaa_Kauai_Hawaii.html,159,4.0,2131,22.0567505,-159.32247619999998,0.05431017260245216,0.21724069040980865
Sheraton Kauai Resort,https://www.tripadvisor.com/Hotel_Review-g60625-d111674-Reviews-Sheraton_Kauai_Resort-Poipu_Kauai_Hawaii.html,495,4.0,2741,21.8764358,-159.460717,0.34062448124706807,1.3624979249882723
Plantation Hale Suites,https://www.tripadvisor.com/Hotel_Review-g60616-d262763-Reviews-Plantation_Hale_Suites-Kapaa_Kauai_Hawaii.html,169,4.0,902,22.0562958,-159.3256709,-0.5225427541585855,-2.090171016634342
Aston at Poipu Kai,https://www.tripadvisor.com/Hotel_Review-g60625-d208989-Reviews-Aston_at_Poipu_Kai-Poipu_Kauai_Hawaii.html,437,4.0,314,21.875546300000003,-159.44568600000002,-0.7985309729832316,-3.1941238919329265
"The Westin Maui Resort & Spa, Ka'anapali",https://www.tripadvisor.com/Hotel_Review-g60634-d111849-Reviews-The_Westin_Maui_Resort_Spa_Ka_anapali-Lahaina_Maui_Hawaii.html,739,4.0,6182,20.919752,-156.6950079,1.9557188026341554,7.822875210536622
Kaanapali Ocean Inn,https://www.tripadvisor.com/Hotel_Review-g60634-d644484-Reviews-Kaanapali_Ocean_Inn-Lahaina_Maui_Hawaii.html,235,3.0,299,20.931824399999996,-156.69226650000002,-0.8055714887695746,-2.416714466308724
Sheraton Maui Resort & Spa,https://www.tripadvisor.com/Hotel_Review-g60634-d114075-Reviews-Sheraton_Maui_Resort_Spa-Lahaina_Maui_Hawaii.html,509,4.0,5030,20.9267279,-156.6947313,1.415007190243012,5.660028760972048
Lahaina Inn,https://www.tripadvisor.com/Hotel_Review-g60634-d114079-Reviews-Lahaina_Inn-Lahaina_Maui_Hawaii.html,225,3.0,278,20.8755516,-156.6795366,-0.8154282108704549,-2.4462846326113645
The Gardens at West Maui Hotel,https://www.tripadvisor.com/Hotel_Review-g60634-d2391687-Reviews-The_Gardens_at_West_Maui_Hotel-Lahaina_Maui_Hawaii.html,234,3.5,148,20.9962986,-156.6641297,-0.8764460143520943,-3.0675610502323303
Kahana Villa Resort,https://www.tripadvisor.com/Hotel_Review-g60634-d622353-Reviews-Kahana_Villa_Resort-Lahaina_Maui_Hawaii.html,229,3.5,204,20.9687172,-156.6799464,-0.8501614220830804,-2.9755649772907815
Hono Koa,https://www.tripadvisor.com/Hotel_Review-g60634-d781518-Reviews-Hono_Koa-Lahaina_Maui_Hawaii.html,219,3.5,138,20.958396,-156.68465600000002,-0.8811396915429897,-3.083988920400464
Kihei Kai Nani,https://www.tripadvisor.com/Hotel_Review-g60632-d225439-Reviews-Kihei_Kai_Nani-Kihei_Maui_Hawaii.html,275,4.0,297,20.7175523,-156.4450531,-0.8065102242077538,-3.226040896831015
Four Seasons Resort Hualalai,https://www.tripadvisor.com/Hotel_Review-g60872-d111582-Reviews-Four_Seasons_Resort_Hualalai-Kailua_Kona_Island_of_Hawaii_Hawaii.html,882,4.5,3497,19.827673899999997,-155.9916716,0.6954664768787561,3.129599145954402
Sheraton Kona Resort & Spa at Keauhou Bay,https://www.tripadvisor.com/Hotel_Review-g60872-d293200-Reviews-Sheraton_Kona_Resort_Spa_at_Keauhou_Bay-Kailua_Kona_Island_of_Hawaii_Hawaii.html,416,3.5,3334,19.5586138,-155.96459480000001,0.6189595386671619,2.1663583853350667
Uncle Billy's Kona Bay Hotel,https://www.tripadvisor.com/Hotel_Review-g60872-d113110-Reviews-Uncle_Billy_s_Kona_Bay_Hotel-Kailua_Kona_Island_of_Hawaii_Hawaii.html,179,3.0,585,19.6380171,-155.99270380000002,-0.6713323211099679,-2.0139969633299035
Kona Islander Inn,https://www.tripadvisor.com/Hotel_Review-g60872-d113111-Reviews-Kona_Islander_Inn-Kailua_Kona_Island_of_Hawaii_Hawaii.html,209,3.0,365,19.6363738,-155.9905969,-0.7745932193096654,-2.323779657928996
Aloha Crater Lodge,https://www.tripadvisor.com/Hotel_Review-g60607-d659084-Reviews-Aloha_Crater_Lodge-Volcano_Island_of_Hawaii_Hawaii.html,120,4.0,286,19.429775,-155.22752319999998,-0.8116732691177386,-3.2466930764709545
Volcano Forest Inn,https://www.tripadvisor.com/Hotel_Review-g60607-d1207156-Reviews-Volcano_Forest_Inn-Volcano_Island_of_Hawaii_Hawaii.html,142,4.5,203,19.4289676,-155.237533,-0.85063078980217,-3.827838554109765
Volcano Hale,https://www.tripadvisor.com/Hotel_Review-g60607-d75616-Reviews-Volcano_Hale-Volcano_Island_of_Hawaii_Hawaii.html,89,4.0,259,19.441755899999997,-155.2349524,-0.8243461975331561,-3.2973847901326243
Grand Naniloa Hotel Hilo - a DoubleTree by Hilton,https://www.tripadvisor.com/Hotel_Review-g60583-d113096-Reviews-Grand_Naniloa_Hotel_Hilo_a_DoubleTree_by_Hilton-Hilo_Island_of_Hawaii_Hawaii.html,193,3.5,1353,19.7295945,-155.06489299999998,-0.3108579128492055,-1.0880026949722192
Hilo Reeds Bay Hotel,https://www.tripadvisor.com/Hotel_Review-g60583-d4232726-Reviews-Hilo_Reeds_Bay_Hotel-Hilo_Island_of_Hawaii_Hawaii.html,88,3.0,177,19.727993899999998,-155.06306830000003,-0.8628343504984979,-2.5885030514954934
Hilo Bay Hostel,https://www.tripadvisor.com/Hotel_Review-g60583-d293256-Reviews-Hilo_Bay_Hostel-Hilo_Island_of_Hawaii_Hawaii.html,79,4.0,207,19.7257001,-155.088042,-0.8487533189258119,-3.3950132757032474
Wild Ginger Inn Hotel & Hostel,https://www.tripadvisor.com/Hotel_Review-g60583-d113100-Reviews-Wild_Ginger_Inn_Hotel_Hostel-Hilo_Island_of_Hawaii_Hawaii.html,70,3.5,194,19.729338000000002,-155.08926090000003,-0.8548550992739757,-2.9919928474589153
Fern Grotto Inn,https://www.tripadvisor.com/Hotel_Review-g60616-d654603-Reviews-Fern_Grotto_Inn-Kapaa_Kauai_Hawaii.html,433,5.0,600,22.0477003,-159.3375991,-0.6642918053236249,-3.3214590266181245
Hilton Waikoloa Village,https://www.tripadvisor.com/Hotel_Review-g60608-d89980-Reviews-Hilton_Waikoloa_Village-Waikoloa_Kohala_Coast_Island_of_Hawaii_Hawaii.html,314,4.0,10023,19.923984,-155.88748700000002,3.758560211657057,15.034240846628228
Waimea Country Lodge,https://www.tripadvisor.com/Hotel_Review-g60588-d120721-Reviews-Waimea_Country_Lodge-Waimea_Island_of_Hawaii_Hawaii.html,119,4.0,111,20.0215603,-155.6689995,-0.8938126199584071,-3.5752504798336284
Hana Kai Maui,https://www.tripadvisor.com/Hotel_Review-g60630-d120746-Reviews-Hana_Kai_Maui-Hana_Maui_Hawaii.html,320,4.5,806,20.7591997,-155.98722560000002,-0.5676020551911808,-2.5542092483603134
Belle Vue,https://www.tripadvisor.com/Hotel_Review-g60588-d75556-Reviews-Belle_Vue-Waimea_Island_of_Hawaii_Hawaii.html,165,4.0,122,34.0621218,-118.3586118,-0.8886495750484222,-3.554598300193689
